environment,input_label,records,job_name,technology,status,duration_seconds,output_rows,reason,run_id,timestamp_utc,source_file
aws-emr,100k,100000,airline_airport_ranking,Spark Core,success,1.213325,1641,,m4-hardened-smoke-3,2026-05-22T00:15:34.771522+00:00,benchmark_m4-hardened-smoke-3.csv
aws-emr,100k,100000,airline_airport_ranking,Spark SQL,success,3.983919,1641,,m4-hardened-smoke-3,2026-05-22T00:15:34.771522+00:00,benchmark_m4-hardened-smoke-3.csv
aws-emr,100k,100000,delay_by_airport_month,Spark Core,success,1.86432,6367,,m4-hardened-smoke-3,2026-05-22T00:15:34.771522+00:00,benchmark_m4-hardened-smoke-3.csv
aws-emr,100k,100000,delay_by_airport_month,Spark SQL,success,15.831696,6367,,m4-hardened-smoke-3,2026-05-22T00:15:34.771522+00:00,benchmark_m4-hardened-smoke-3.csv
aws-emr,500k,500000,airline_airport_ranking,Spark Core,success,1.205007,1707,,m4-emr-final-2,2026-05-21T22:51:56.622854+00:00,benchmark_m4-emr-final-2.csv
aws-emr,500k,500000,airline_airport_ranking,Spark SQL,success,4.17867,1707,,m4-emr-final-2,2026-05-21T22:51:56.622854+00:00,benchmark_m4-emr-final-2.csv
aws-emr,500k,500000,delay_by_airport_month,Spark Core,success,1.706177,9265,,m4-emr-final-2,2026-05-21T22:51:56.622854+00:00,benchmark_m4-emr-final-2.csv
aws-emr,500k,500000,delay_by_airport_month,Spark SQL,success,13.879345,9265,,m4-emr-final-2,2026-05-21T22:51:56.622854+00:00,benchmark_m4-emr-final-2.csv
aws-emr,1m,1000000,airline_airport_ranking,Spark Core,success,1.177035,1723,,m4-emr-final-2,2026-05-21T22:51:56.622854+00:00,benchmark_m4-emr-final-2.csv
aws-emr,1m,1000000,airline_airport_ranking,Spark SQL,success,3.882105,1723,,m4-emr-final-2,2026-05-21T22:51:56.622854+00:00,benchmark_m4-emr-final-2.csv
aws-emr,1m,1000000,delay_by_airport_month,Spark Core,success,1.863168,10206,,m4-emr-final-2,2026-05-21T22:51:56.622854+00:00,benchmark_m4-emr-final-2.csv
aws-emr,1m,1000000,delay_by_airport_month,Spark SQL,success,13.82575,10206,,m4-emr-final-2,2026-05-21T22:51:56.622854+00:00,benchmark_m4-emr-final-2.csv
aws-emr,3m,3000000,airline_airport_ranking,Spark Core,success,1.248637,1735,,m4-emr-final-2,2026-05-21T22:51:56.622854+00:00,benchmark_m4-emr-final-2.csv
aws-emr,3m,3000000,airline_airport_ranking,Spark SQL,success,4.45673,1735,,m4-emr-final-2,2026-05-21T22:51:56.622854+00:00,benchmark_m4-emr-final-2.csv
aws-emr,3m,3000000,delay_by_airport_month,Spark Core,success,2.020025,11417,,m4-emr-final-2,2026-05-21T22:51:56.622854+00:00,benchmark_m4-emr-final-2.csv
aws-emr,3m,3000000,delay_by_airport_month,Spark SQL,success,14.582348,11417,,m4-emr-final-2,2026-05-21T22:51:56.622854+00:00,benchmark_m4-emr-final-2.csv
aws-emr,full,7079081,airline_airport_ranking,Spark Core,success,1.106489,1738,,m4-emr-final-2,2026-05-21T22:51:56.622854+00:00,benchmark_m4-emr-final-2.csv
aws-emr,full,7079081,airline_airport_ranking,Spark SQL,success,4.301809,1738,,m4-emr-final-2,2026-05-21T22:51:56.622854+00:00,benchmark_m4-emr-final-2.csv
aws-emr,full,7079081,delay_by_airport_month,Spark Core,success,1.806581,11902,,m4-emr-final-2,2026-05-21T22:51:56.622854+00:00,benchmark_m4-emr-final-2.csv
aws-emr,full,7079081,delay_by_airport_month,Spark SQL,success,15.256393,11902,,m4-emr-final-2,2026-05-21T22:51:56.622854+00:00,benchmark_m4-emr-final-2.csv
aws-emr,14m,14000000,airline_airport_ranking,Spark Core,success,1.234982,1738,,m4-emr-final-2,2026-05-21T22:51:56.622854+00:00,benchmark_m4-emr-final-2.csv
aws-emr,14m,14000000,airline_airport_ranking,Spark SQL,success,6.056059,1738,,m4-emr-final-2,2026-05-21T22:51:56.622854+00:00,benchmark_m4-emr-final-2.csv
aws-emr,14m,14000000,delay_by_airport_month,Spark Core,success,2.061151,11902,,m4-emr-final-2,2026-05-21T22:51:56.622854+00:00,benchmark_m4-emr-final-2.csv
aws-emr,14m,14000000,delay_by_airport_month,Spark SQL,success,18.147045,11902,,m4-emr-final-2,2026-05-21T22:51:56.622854+00:00,benchmark_m4-emr-final-2.csv
aws-emr-larger,1m,1000000,airline_airport_ranking,Spark Core,success,1.037951,1723,,m5-emr-3core-1m-full,2026-05-22T00:46:03.790422+00:00,benchmark_m5-emr-3core-1m-full.csv
aws-emr-larger,1m,1000000,airline_airport_ranking,Spark SQL,success,3.368381,1723,,m5-emr-3core-1m-full,2026-05-22T00:46:03.790422+00:00,benchmark_m5-emr-3core-1m-full.csv
aws-emr-larger,1m,1000000,delay_by_airport_month,Spark Core,success,2.08048,10206,,m5-emr-3core-1m-full,2026-05-22T00:46:03.790422+00:00,benchmark_m5-emr-3core-1m-full.csv
aws-emr-larger,1m,1000000,delay_by_airport_month,Spark SQL,success,14.374481,10206,,m5-emr-3core-1m-full,2026-05-22T00:46:03.790422+00:00,benchmark_m5-emr-3core-1m-full.csv
aws-emr-larger,full,7079081,airline_airport_ranking,Spark Core,success,0.911306,1738,,m5-emr-3core-1m-full,2026-05-22T00:46:03.790422+00:00,benchmark_m5-emr-3core-1m-full.csv
aws-emr-larger,full,7079081,airline_airport_ranking,Spark SQL,success,4.475255,1738,,m5-emr-3core-1m-full,2026-05-22T00:46:03.790422+00:00,benchmark_m5-emr-3core-1m-full.csv
aws-emr-larger,full,7079081,delay_by_airport_month,Spark Core,success,1.617607,11902,,m5-emr-3core-1m-full,2026-05-22T00:46:03.790422+00:00,benchmark_m5-emr-3core-1m-full.csv
aws-emr-larger,full,7079081,delay_by_airport_month,Spark SQL,success,16.309206,11902,,m5-emr-3core-1m-full,2026-05-22T00:46:03.790422+00:00,benchmark_m5-emr-3core-1m-full.csv
docker-simulation,100k,100000,airline_airport_ranking,Hive,success,17.959624,1641,,20260522T161751426398Z,2026-05-22T16:17:51.426398+00:00,benchmark_20260522T161751426398Z.csv
docker-simulation,100k,100000,airline_airport_ranking,Spark Core,success,6.213548,1641,,20260522T161751426398Z,2026-05-22T16:17:51.426398+00:00,benchmark_20260522T161751426398Z.csv
docker-simulation,100k,100000,airline_airport_ranking,Spark SQL,success,12.685189,1641,,20260522T161751426398Z,2026-05-22T16:17:51.426398+00:00,benchmark_20260522T161751426398Z.csv
docker-simulation,100k,100000,delay_by_airport_month,Hive,success,27.848052,6367,,20260522T161751426398Z,2026-05-22T16:17:51.426398+00:00,benchmark_20260522T161751426398Z.csv
docker-simulation,100k,100000,delay_by_airport_month,Spark Core,success,7.085845,6367,,20260522T161751426398Z,2026-05-22T16:17:51.426398+00:00,benchmark_20260522T161751426398Z.csv
docker-simulation,100k,100000,delay_by_airport_month,Spark SQL,success,26.054633,6367,,20260522T161751426398Z,2026-05-22T16:17:51.426398+00:00,benchmark_20260522T161751426398Z.csv
docker-simulation,500k,500000,airline_airport_ranking,Hive,success,10.344782,1707,,20260522T161751426398Z,2026-05-22T16:17:51.426398+00:00,benchmark_20260522T161751426398Z.csv
docker-simulation,500k,500000,airline_airport_ranking,Spark Core,success,6.414528,1707,,20260522T161751426398Z,2026-05-22T16:17:51.426398+00:00,benchmark_20260522T161751426398Z.csv
docker-simulation,500k,500000,airline_airport_ranking,Spark SQL,success,12.53712,1707,,20260522T161751426398Z,2026-05-22T16:17:51.426398+00:00,benchmark_20260522T161751426398Z.csv
docker-simulation,500k,500000,delay_by_airport_month,Hive,success,25.90275,9265,,20260522T161751426398Z,2026-05-22T16:17:51.426398+00:00,benchmark_20260522T161751426398Z.csv
docker-simulation,500k,500000,delay_by_airport_month,Spark Core,success,8.201698,9265,,20260522T161751426398Z,2026-05-22T16:17:51.426398+00:00,benchmark_20260522T161751426398Z.csv
docker-simulation,500k,500000,delay_by_airport_month,Spark SQL,success,25.677885,9265,,20260522T161751426398Z,2026-05-22T16:17:51.426398+00:00,benchmark_20260522T161751426398Z.csv
docker-simulation,1m,1000000,airline_airport_ranking,Hive,success,11.300811,1723,,20260522T161751426398Z,2026-05-22T16:17:51.426398+00:00,benchmark_20260522T161751426398Z.csv
docker-simulation,1m,1000000,airline_airport_ranking,Spark Core,success,3.043644,1723,,20260522T161751426398Z,2026-05-22T16:17:51.426398+00:00,benchmark_20260522T161751426398Z.csv
docker-simulation,1m,1000000,airline_airport_ranking,Spark SQL,success,5.696732,1723,,20260522T161751426398Z,2026-05-22T16:17:51.426398+00:00,benchmark_20260522T161751426398Z.csv
docker-simulation,1m,1000000,delay_by_airport_month,Hive,success,18.24548,10206,,20260522T161751426398Z,2026-05-22T16:17:51.426398+00:00,benchmark_20260522T161751426398Z.csv
docker-simulation,1m,1000000,delay_by_airport_month,Spark Core,success,3.829174,10206,,20260522T161751426398Z,2026-05-22T16:17:51.426398+00:00,benchmark_20260522T161751426398Z.csv
docker-simulation,1m,1000000,delay_by_airport_month,Spark SQL,success,14.540799,10206,,20260522T161751426398Z,2026-05-22T16:17:51.426398+00:00,benchmark_20260522T161751426398Z.csv
local,100k,100000,airline_airport_ranking,Hive,success,13.910368,1641,,20260522T133525179005Z,2026-05-22T13:35:25.179005+00:00,benchmark_20260522T133525179005Z.csv
local,100k,100000,airline_airport_ranking,MapReduce,success,6.708246,1641,,20260522T182250129354Z,2026-05-22T18:22:50.129354+00:00,benchmark_20260522T182250129354Z.csv
local,100k,100000,airline_airport_ranking,Spark Core,success,0.960478,1641,,20260522T133525179005Z,2026-05-22T13:35:25.179005+00:00,benchmark_20260522T133525179005Z.csv
local,100k,100000,airline_airport_ranking,Spark SQL,success,1.74436,1641,,20260522T133525179005Z,2026-05-22T13:35:25.179005+00:00,benchmark_20260522T133525179005Z.csv
local,100k,100000,delay_by_airport_month,Hive,success,19.594788,6367,,20260522T133525179005Z,2026-05-22T13:35:25.179005+00:00,benchmark_20260522T133525179005Z.csv
local,100k,100000,delay_by_airport_month,MapReduce,success,7.64389,6367,,20260522T182250129354Z,2026-05-22T18:22:50.129354+00:00,benchmark_20260522T182250129354Z.csv
local,100k,100000,delay_by_airport_month,Spark Core,success,1.35415,6367,,20260522T133525179005Z,2026-05-22T13:35:25.179005+00:00,benchmark_20260522T133525179005Z.csv
local,100k,100000,delay_by_airport_month,Spark SQL,success,7.927306,6367,,20260522T133525179005Z,2026-05-22T13:35:25.179005+00:00,benchmark_20260522T133525179005Z.csv
local,500k,500000,airline_airport_ranking,Hive,success,15.56281,1707,,20260522T133525179005Z,2026-05-22T13:35:25.179005+00:00,benchmark_20260522T133525179005Z.csv
local,500k,500000,airline_airport_ranking,MapReduce,success,20.327809,1707,,20260522T182250129354Z,2026-05-22T18:22:50.129354+00:00,benchmark_20260522T182250129354Z.csv
local,500k,500000,airline_airport_ranking,Spark Core,success,0.689851,1707,,20260522T133525179005Z,2026-05-22T13:35:25.179005+00:00,benchmark_20260522T133525179005Z.csv
local,500k,500000,airline_airport_ranking,Spark SQL,success,1.852542,1707,,20260522T133525179005Z,2026-05-22T13:35:25.179005+00:00,benchmark_20260522T133525179005Z.csv
local,500k,500000,delay_by_airport_month,Hive,success,21.961934,9265,,20260522T133525179005Z,2026-05-22T13:35:25.179005+00:00,benchmark_20260522T133525179005Z.csv
local,500k,500000,delay_by_airport_month,MapReduce,success,23.256457,9265,,20260522T182250129354Z,2026-05-22T18:22:50.129354+00:00,benchmark_20260522T182250129354Z.csv
local,500k,500000,delay_by_airport_month,Spark Core,success,1.12204,9265,,20260522T133525179005Z,2026-05-22T13:35:25.179005+00:00,benchmark_20260522T133525179005Z.csv
local,500k,500000,delay_by_airport_month,Spark SQL,success,8.674959,9265,,20260522T133525179005Z,2026-05-22T13:35:25.179005+00:00,benchmark_20260522T133525179005Z.csv
local,1m,1000000,airline_airport_ranking,Hive,success,15.983799,1723,,20260522T133525179005Z,2026-05-22T13:35:25.179005+00:00,benchmark_20260522T133525179005Z.csv
local,1m,1000000,airline_airport_ranking,MapReduce,success,37.886627,1723,,20260522T182250129354Z,2026-05-22T18:22:50.129354+00:00,benchmark_20260522T182250129354Z.csv
local,1m,1000000,airline_airport_ranking,Spark Core,success,0.78,1723,,20260522T133525179005Z,2026-05-22T13:35:25.179005+00:00,benchmark_20260522T133525179005Z.csv
local,1m,1000000,airline_airport_ranking,Spark SQL,success,2.500201,1723,,20260522T133525179005Z,2026-05-22T13:35:25.179005+00:00,benchmark_20260522T133525179005Z.csv
local,1m,1000000,delay_by_airport_month,Hive,success,22.411059,10206,,20260522T133525179005Z,2026-05-22T13:35:25.179005+00:00,benchmark_20260522T133525179005Z.csv
local,1m,1000000,delay_by_airport_month,MapReduce,success,38.838454,10206,,20260522T182250129354Z,2026-05-22T18:22:50.129354+00:00,benchmark_20260522T182250129354Z.csv
local,1m,1000000,delay_by_airport_month,Spark Core,success,1.172473,10206,,20260522T133525179005Z,2026-05-22T13:35:25.179005+00:00,benchmark_20260522T133525179005Z.csv
local,1m,1000000,delay_by_airport_month,Spark SQL,success,11.704785,10206,,20260522T133525179005Z,2026-05-22T13:35:25.179005+00:00,benchmark_20260522T133525179005Z.csv
local,3m,3000000,airline_airport_ranking,Hive,success,15.004577,1735,,20260522T133525179005Z,2026-05-22T13:35:25.179005+00:00,benchmark_20260522T133525179005Z.csv
local,3m,3000000,airline_airport_ranking,MapReduce,success,105.490861,1735,,20260522T182250129354Z,2026-05-22T18:22:50.129354+00:00,benchmark_20260522T182250129354Z.csv
local,3m,3000000,airline_airport_ranking,Spark Core,success,0.729875,1735,,20260522T133525179005Z,2026-05-22T13:35:25.179005+00:00,benchmark_20260522T133525179005Z.csv
local,3m,3000000,airline_airport_ranking,Spark SQL,success,2.849642,1735,,20260522T133525179005Z,2026-05-22T13:35:25.179005+00:00,benchmark_20260522T133525179005Z.csv
local,3m,3000000,delay_by_airport_month,Hive,success,25.068832,11417,,20260522T133525179005Z,2026-05-22T13:35:25.179005+00:00,benchmark_20260522T133525179005Z.csv
local,3m,3000000,delay_by_airport_month,MapReduce,success,116.109869,11417,,20260522T182250129354Z,2026-05-22T18:22:50.129354+00:00,benchmark_20260522T182250129354Z.csv
local,3m,3000000,delay_by_airport_month,Spark Core,success,1.191845,11417,,20260522T133525179005Z,2026-05-22T13:35:25.179005+00:00,benchmark_20260522T133525179005Z.csv
local,3m,3000000,delay_by_airport_month,Spark SQL,success,13.057866,11417,,20260522T133525179005Z,2026-05-22T13:35:25.179005+00:00,benchmark_20260522T133525179005Z.csv
local,full,7079081,airline_airport_ranking,Hive,success,26.632626,1738,,20260522T133525179005Z,2026-05-22T13:35:25.179005+00:00,benchmark_20260522T133525179005Z.csv
local,full,7079081,airline_airport_ranking,MapReduce,success,253.987902,1738,,20260522T182250129354Z,2026-05-22T18:22:50.129354+00:00,benchmark_20260522T182250129354Z.csv
local,full,7079081,airline_airport_ranking,Spark Core,success,0.789088,1738,,20260522T133525179005Z,2026-05-22T13:35:25.179005+00:00,benchmark_20260522T133525179005Z.csv
local,full,7079081,airline_airport_ranking,Spark SQL,success,3.39957,1738,,20260522T133525179005Z,2026-05-22T13:35:25.179005+00:00,benchmark_20260522T133525179005Z.csv
local,full,7079081,delay_by_airport_month,Hive,success,32.788066,11902,,20260522T133525179005Z,2026-05-22T13:35:25.179005+00:00,benchmark_20260522T133525179005Z.csv
local,full,7079081,delay_by_airport_month,MapReduce,success,265.23782,11902,,20260522T182250129354Z,2026-05-22T18:22:50.129354+00:00,benchmark_20260522T182250129354Z.csv
local,full,7079081,delay_by_airport_month,Spark Core,success,1.228729,11902,,20260522T133525179005Z,2026-05-22T13:35:25.179005+00:00,benchmark_20260522T133525179005Z.csv
local,full,7079081,delay_by_airport_month,Spark SQL,success,12.997052,11902,,20260522T133525179005Z,2026-05-22T13:35:25.179005+00:00,benchmark_20260522T133525179005Z.csv
local,14m,14000000,airline_airport_ranking,Hive,success,25.701671,1738,,20260522T142052973274Z,2026-05-22T14:20:52.973274+00:00,benchmark_20260522T142052973274Z.csv
local,14m,14000000,airline_airport_ranking,Spark Core,success,0.831216,1738,,20260522T142052973274Z,2026-05-22T14:20:52.973274+00:00,benchmark_20260522T142052973274Z.csv
local,14m,14000000,airline_airport_ranking,Spark SQL,success,3.317852,1738,,20260522T142052973274Z,2026-05-22T14:20:52.973274+00:00,benchmark_20260522T142052973274Z.csv
local,14m,14000000,delay_by_airport_month,Hive,success,41.111622,11902,,20260522T142052973274Z,2026-05-22T14:20:52.973274+00:00,benchmark_20260522T142052973274Z.csv
local,14m,14000000,delay_by_airport_month,Spark Core,success,1.184803,11902,,20260522T142052973274Z,2026-05-22T14:20:52.973274+00:00,benchmark_20260522T142052973274Z.csv
local,14m,14000000,delay_by_airport_month,Spark SQL,success,11.867535,11902,,20260522T142052973274Z,2026-05-22T14:20:52.973274+00:00,benchmark_20260522T142052973274Z.csv
local,28m,28000000,airline_airport_ranking,Hive,success,67.656302,1738,,20260522T144129099690Z,2026-05-22T14:41:29.099690+00:00,benchmark_20260522T144129099690Z.csv
local,28m,28000000,airline_airport_ranking,Spark Core,success,1.140267,1738,,20260522T144129099690Z,2026-05-22T14:41:29.099690+00:00,benchmark_20260522T144129099690Z.csv
local,28m,28000000,airline_airport_ranking,Spark SQL,success,3.372759,1738,,20260522T144129099690Z,2026-05-22T14:41:29.099690+00:00,benchmark_20260522T144129099690Z.csv
local,28m,28000000,delay_by_airport_month,Hive,success,100.484196,11902,,20260522T144129099690Z,2026-05-22T14:41:29.099690+00:00,benchmark_20260522T144129099690Z.csv
local,28m,28000000,delay_by_airport_month,Spark Core,success,1.624947,11902,,20260522T144129099690Z,2026-05-22T14:41:29.099690+00:00,benchmark_20260522T144129099690Z.csv
local,28m,28000000,delay_by_airport_month,Spark SQL,success,11.923533,11902,,20260522T144129099690Z,2026-05-22T14:41:29.099690+00:00,benchmark_20260522T144129099690Z.csv
