environment,input_label,records,job_name,technology,median_duration_seconds,rows_per_second
aws-emr,100k,100000,airline_airport_ranking,Spark Core,1.213325,82418.14847629447
aws-emr,100k,100000,airline_airport_ranking,Spark SQL,3.983919,25100.911941231734
aws-emr,100k,100000,delay_by_airport_month,Spark Core,1.86432,53638.86028149674
aws-emr,100k,100000,delay_by_airport_month,Spark SQL,15.831696,6316.44266034416
aws-emr,500k,500000,airline_airport_ranking,Spark Core,1.205007,414935.34892328427
aws-emr,500k,500000,airline_airport_ranking,Spark SQL,4.17867,119655.29702034379
aws-emr,500k,500000,delay_by_airport_month,Spark Core,1.706177,293052.8309782631
aws-emr,500k,500000,delay_by_airport_month,Spark SQL,13.879345,36024.754770488085
aws-emr,1m,1000000,airline_airport_ranking,Spark Core,1.243081,804452.8071782932
aws-emr,1m,1000000,airline_airport_ranking,Spark SQL,4.051517,246821.12897465323
aws-emr,1m,1000000,delay_by_airport_month,Spark Core,1.923128,519986.1891668157
aws-emr,1m,1000000,delay_by_airport_month,Spark SQL,15.125728,66112.52033621125
aws-emr,3m,3000000,airline_airport_ranking,Spark Core,1.248637,2402619.816648073
aws-emr,3m,3000000,airline_airport_ranking,Spark SQL,4.45673,673139.2747597453
aws-emr,3m,3000000,delay_by_airport_month,Spark Core,2.020025,1485130.134528038
aws-emr,3m,3000000,delay_by_airport_month,Spark SQL,14.582348,205728.18588611382
aws-emr,full,7079081,airline_airport_ranking,Spark Core,1.106489,6397787.054367463
aws-emr,full,7079081,airline_airport_ranking,Spark SQL,4.301809,1645605.6045259098
aws-emr,full,7079081,delay_by_airport_month,Spark Core,1.91819,3690500.419666456
aws-emr,full,7079081,delay_by_airport_month,Spark SQL,15.505447,456554.4611516198
aws-emr,14m,14000000,airline_airport_ranking,Spark Core,1.234982,11336197.612596782
aws-emr,14m,14000000,airline_airport_ranking,Spark SQL,6.056059,2311734.4134196844
aws-emr,14m,14000000,delay_by_airport_month,Spark Core,2.061151,6792321.377715655
aws-emr,14m,14000000,delay_by_airport_month,Spark SQL,18.147045,771475.4661158333
aws-emr-larger,1m,1000000,airline_airport_ranking,Spark Core,1.018218,982107.957235091
aws-emr-larger,1m,1000000,airline_airport_ranking,Spark SQL,4.087248,244663.40187823202
aws-emr-larger,1m,1000000,delay_by_airport_month,Spark Core,1.67876,595677.7621577831
aws-emr-larger,1m,1000000,delay_by_airport_month,Spark SQL,14.374481,69567.72908879284
aws-emr-larger,full,7079081,airline_airport_ranking,Spark Core,0.918515,7707093.515075965
aws-emr-larger,full,7079081,airline_airport_ranking,Spark SQL,4.475255,1581827.404248473
aws-emr-larger,full,7079081,delay_by_airport_month,Spark Core,1.649712,4291101.113406461
aws-emr-larger,full,7079081,delay_by_airport_month,Spark SQL,16.309206,434054.3003748926
docker-simulation,100k,100000,airline_airport_ranking,Hive,18.288344,5467.963638479242
docker-simulation,100k,100000,airline_airport_ranking,Spark Core,6.213548,16093.864568198394
docker-simulation,100k,100000,airline_airport_ranking,Spark SQL,12.685189,7883.209308115157
docker-simulation,100k,100000,delay_by_airport_month,Hive,27.848052,3590.9154435649575
docker-simulation,100k,100000,delay_by_airport_month,Spark Core,6.954182,14379.836478251504
docker-simulation,100k,100000,delay_by_airport_month,Spark SQL,23.69016,4221.161866361393
docker-simulation,500k,500000,airline_airport_ranking,Hive,18.130632,27577.63766867035
docker-simulation,500k,500000,airline_airport_ranking,Spark Core,5.974306,83691.72921507535
docker-simulation,500k,500000,airline_airport_ranking,Spark SQL,12.53712,39881.56769656827
docker-simulation,500k,500000,delay_by_airport_month,Hive,28.206433,17726.45268545654
docker-simulation,500k,500000,delay_by_airport_month,Spark Core,7.256177,68906.80864041767
docker-simulation,500k,500000,delay_by_airport_month,Spark SQL,25.60586,19526.780197970307
docker-simulation,1m,1000000,airline_airport_ranking,Hive,10.094157,99067.21284402453
docker-simulation,1m,1000000,airline_airport_ranking,Spark Core,3.043644,328553.53648455604
docker-simulation,1m,1000000,airline_airport_ranking,Spark SQL,5.868738,170394.384618976
docker-simulation,1m,1000000,delay_by_airport_month,Hive,16.796828,59535.05030830821
docker-simulation,1m,1000000,delay_by_airport_month,Spark Core,3.672848,272268.2779140329
docker-simulation,1m,1000000,delay_by_airport_month,Spark SQL,14.540799,68772.0117718428
local,100k,100000,airline_airport_ranking,Hive,14.321988,6982.2708970291
local,100k,100000,airline_airport_ranking,MapReduce,6.550597,15265.78417203806
local,100k,100000,airline_airport_ranking,Spark Core,0.74002,135131.4829328937
local,100k,100000,airline_airport_ranking,Spark SQL,1.74436,57327.615859111655
local,100k,100000,delay_by_airport_month,Hive,19.841018,5040.063972523991
local,100k,100000,delay_by_airport_month,MapReduce,7.490445,13350.341668619154
local,100k,100000,delay_by_airport_month,Spark Core,1.001553,99844.94080692685
local,100k,100000,delay_by_airport_month,Spark SQL,7.965851,12553.586553401514
local,500k,500000,airline_airport_ranking,Hive,14.125425,35397.16504105186
local,500k,500000,airline_airport_ranking,Spark Core,0.783456,638197.9332598129
local,500k,500000,airline_airport_ranking,Spark SQL,1.852542,269899.4138864328
local,500k,500000,delay_by_airport_month,Hive,21.005435,23803.363272410214
local,500k,500000,delay_by_airport_month,Spark Core,1.12204,445616.9120530463
local,500k,500000,delay_by_airport_month,Spark SQL,8.674959,57637.1600142433
local,1m,1000000,airline_airport_ranking,Hive,15.983799,62563.34930137698
local,1m,1000000,airline_airport_ranking,Spark Core,0.795687,1256775.5914071738
local,1m,1000000,airline_airport_ranking,Spark SQL,2.500201,399967.8425854561
local,1m,1000000,delay_by_airport_month,Hive,22.411059,44620.82760123027
local,1m,1000000,delay_by_airport_month,Spark Core,1.195326,836591.8586226685
local,1m,1000000,delay_by_airport_month,Spark SQL,12.181334,82092.8151218906
local,3m,3000000,airline_airport_ranking,Hive,15.341492,195548.12530619575
local,3m,3000000,airline_airport_ranking,Spark Core,0.729875,4110292.8583661583
local,3m,3000000,airline_airport_ranking,Spark SQL,3.110198,964568.8152329852
local,3m,3000000,delay_by_airport_month,Hive,25.068832,119670.51356840238
local,3m,3000000,delay_by_airport_month,Spark Core,1.12628,2663636.040771389
local,3m,3000000,delay_by_airport_month,Spark SQL,13.09049,229174.0034177483
local,full,7079081,airline_airport_ranking,Hive,24.020362,294711.6700406097
local,full,7079081,airline_airport_ranking,Spark Core,0.785086,9016949.735442996
local,full,7079081,airline_airport_ranking,Spark SQL,3.39957,2082346.0025826795
local,full,7079081,delay_by_airport_month,Hive,35.004778,202231.84960635944
local,full,7079081,delay_by_airport_month,Spark Core,1.221141,5797103.692366402
local,full,7079081,delay_by_airport_month,Spark SQL,12.997052,544668.206297859
local,14m,14000000,airline_airport_ranking,Hive,26.779788,522782.33121188264
local,14m,14000000,airline_airport_ranking,Spark Core,0.791606,17685565.799147554
local,14m,14000000,airline_airport_ranking,Spark SQL,3.313761,4224806.798076265
local,14m,14000000,delay_by_airport_month,Hive,41.111622,340536.3086866288
local,14m,14000000,delay_by_airport_month,Spark Core,1.222854,11448627.554883901
local,14m,14000000,delay_by_airport_month,Spark SQL,11.867535,1179688.9581534835
local,28m,28000000,airline_airport_ranking,Hive,66.541179,420792.0632124658
local,28m,28000000,airline_airport_ranking,Spark Core,0.83017,33728031.60798391
local,28m,28000000,airline_airport_ranking,Spark SQL,3.372759,8301808.697271285
local,28m,28000000,delay_by_airport_month,Hive,101.265195,276501.71413781407
local,28m,28000000,delay_by_airport_month,Spark Core,1.332587,21011761.333406374
local,28m,28000000,delay_by_airport_month,Spark SQL,11.923533,2348297.270616016
